{
  "Random Forest": {
    "model_name": "Random Forest",
    "accuracy": 0.7432550043516101,
    "f1": 0.682454251883746,
    "precision": 0.9323529411764706,
    "recall": 0.5382003395585738,
    "auc": 0.8628729080766431,
    "confusion_matrix": [
      [
        537,
        23
      ],
      [
        272,
        317
      ]
    ],
    "classification_report": {
      "0": {
        "precision": 0.6637824474660075,
        "recall": 0.9589285714285715,
        "f1-score": 0.7845142439737034,
        "support": 560.0
      },
      "1": {
        "precision": 0.9323529411764706,
        "recall": 0.5382003395585738,
        "f1-score": 0.682454251883746,
        "support": 589.0
      },
      "accuracy": 0.7432550043516101,
      "macro avg": {
        "precision": 0.798067694321239,
        "recall": 0.7485644554935726,
        "f1-score": 0.7334842479287247,
        "support": 1149.0
      },
      "weighted avg": {
        "precision": 0.8014569651295955,
        "recall": 0.7432550043516101,
        "f1-score": 0.7321962845820716,
        "support": 1149.0
      }
    },
    "feature_importances": [
      0.008780657769233154,
      0.0068592057822685695,
      0.03891521572467004,
      0.014631937301014959,
      0.02408647596148317,
      0.03482051583607663,
      0.008432120197058189,
      0.00699763686422423,
      0.011713791112343021,
      0.012163128434369517,
      0.007013776816444978,
      0.007494980398095629,
      0.005934141747660805,
      0.006923027758687729,
      0.03184158122961764,
      0.008081927997028034,
      0.016547869658100522,
      0.029679493600956917,
      0.0192428220729745,
      0.006749844957340596,
      0.004675615029775601,
      0.0036858105958005507,
      0.005427622001198751,
      0.01816421197233013,
      0.004107999976405068,
      0.0031472580197695684,
      0.009419911394493736,
      0.0032643645733756643,
      0.005730053149916616,
      0.010735932937851037,
      0.0033459355374632046,
      0.002614113893721205,
      0.005438266660532879,
      0.009111310237529606,
      0.008512549447610814,
      0.0032002212177448725,
      0.015092638035057497,
      0.006440047544865999,
      0.01981625038670915,
      0.031123573147945723,
      0.003419437731551765,
      0.002985879576770584,
      0.003907472061794625,
      0.007946681913109405,
      0.003216992006975113,
      0.0044528277912926975,
      0.007744986971424739,
      0.013535145237885465,
      0.005016400486353827,
      0.003937142660374316,
      0.0045064564652805205,
      0.007607963684312,
      0.005854338960789594,
      0.015164259300900212,
      0.025937603983068575,
      0.0046205845205914845,
      0.006591889152189104,
      0.007481995689234997,
      0.003164114190896734,
      0.002784810752632189,
      0.003129170372448321,
      0.003012989286683425,
      0.0025621710350846568,
      0.0036965618897703916,
      0.0031787389582996705,
      0.003098293039525014,
      0.004318134061608185,
      0.005680047211290553,
      0.0025803303648758904,
      0.0029896051975697186,
      0.0024828304293449377,
      0.0020947488404489366,
      0.005581314504823541,
      0.014226747979969307,
      0.004234098421941783,
      0.007014625186082833,
      0.005215518862369571,
      0.002631967313632669,
      0.031200489933692222,
      0.005897549310442674,
      0.0059714662403256005,
      0.006057167458187823,
      0.0028922860220904085,
      0.010754659143906532,
      0.0035716844823809484,
      0.005791201892989329,
      0.007435061726677291,
      0.0011587194872971585,
      0.038930514494474065,
      0.0183397744243883,
      0.003393930894308546,
      0.004818799109395041,
      0.004240195980059488,
      0.03622746489283302,
      0.002734488491923784,
      0.02574525711732967,
      0.04762402319899958,
      0.001126482455073536,
      0.003608360691559011,
      0.013061273151566785,
      0.003245116059344431,
      0.018605320267810956
    ],
    "feature_importance_ranking": [
      [
        "th_range",
        0.04762402319899958
      ],
      [
        "mf_cop_x",
        0.038930514494474065
      ],
      [
        "ff_biotac_3",
        0.03891521572467004
      ],
      [
        "th_std",
        0.03622746489283302
      ],
      [
        "ff_biotac_6",
        0.03482051583607663
      ],
      [
        "ff_biotac_15",
        0.03184158122961764
      ],
      [
        "ff_cop_x",
        0.031200489933692222
      ],
      [
        "mf_biotac_16",
        0.031123573147945723
      ],
      [
        "ff_biotac_18",
        0.029679493600956917
      ],
      [
        "th_biotac_7",
        0.025937603983068575
      ],
      [
        "th_min",
        0.02574525711732967
      ],
      [
        "ff_biotac_5",
        0.02408647596148317
      ],
      [
        "mf_biotac_15",
        0.01981625038670915
      ],
      [
        "ff_biotac_19",
        0.0192428220729745
      ],
      [
        "th_skewness",
        0.018605320267810956
      ],
      [
        "mf_cop_y",
        0.0183397744243883
      ],
      [
        "ff_biotac_24",
        0.01816421197233013
      ],
      [
        "ff_biotac_17",
        0.016547869658100522
      ],
      [
        "th_biotac_6",
        0.015164259300900212
      ],
      [
        "mf_biotac_13",
        0.015092638035057497
      ]
    ],
    "best_params": {
      "max_depth": 10,
      "min_samples_leaf": 1,
      "min_samples_split": 5,
      "n_estimators": 200
    },
    "n_params": 68802,
    "train_time_sec": 88.52474641799927
  },
  "2D CNN": {
    "model_name": "2D CNN",
    "accuracy": 0.7180156657963447,
    "f1": 0.6687116564417178,
    "precision": 0.8406169665809768,
    "recall": 0.5551782682512734,
    "auc": 0.8291535289837496,
    "confusion_matrix": [
      [
        498,
        62
      ],
      [
        262,
        327
      ]
    ],
    "classification_report": {
      "0": {
        "precision": 0.6552631578947369,
        "recall": 0.8892857142857142,
        "f1-score": 0.7545454545454545,
        "support": 560.0
      },
      "1": {
        "precision": 0.8406169665809768,
        "recall": 0.5551782682512734,
        "f1-score": 0.6687116564417178,
        "support": 589.0
      },
      "accuracy": 0.7180156657963447,
      "macro avg": {
        "precision": 0.7479400622378569,
        "recall": 0.7222319912684938,
        "f1-score": 0.7116285554935862,
        "support": 1149.0
      },
      "weighted avg": {
        "precision": 0.7502791660028267,
        "recall": 0.7180156657963447,
        "f1-score": 0.7105453613486739,
        "support": 1149.0
      }
    },
    "train_time_sec": 9.91209602355957,
    "n_params": 19649
  },
  "BiLSTM": {
    "model_name": "BiLSTM",
    "accuracy": 0.7241079199303743,
    "f1": 0.676200204290092,
    "precision": 0.8487179487179487,
    "recall": 0.5619694397283531,
    "auc": 0.7571276982779529,
    "confusion_matrix": [
      [
        501,
        59
      ],
      [
        258,
        331
      ]
    ],
    "classification_report": {
      "0": {
        "precision": 0.6600790513833992,
        "recall": 0.8946428571428572,
        "f1-score": 0.759666413949962,
        "support": 560.0
      },
      "1": {
        "precision": 0.8487179487179487,
        "recall": 0.5619694397283531,
        "f1-score": 0.676200204290092,
        "support": 589.0
      },
      "accuracy": 0.7241079199303743,
      "macro avg": {
        "precision": 0.7543985000506739,
        "recall": 0.7283061484356051,
        "f1-score": 0.7179333091200271,
        "support": 1149.0
      },
      "weighted avg": {
        "precision": 0.7567790605479333,
        "recall": 0.7241079199303743,
        "f1-score": 0.7168799931582619,
        "support": 1149.0
      }
    },
    "train_time_sec": 11.564751863479614,
    "n_params": 15970
  },
  "No AI (Baseline)": {
    "model_name": "No AI (Baseline)",
    "accuracy": 0.5126196692776327,