{
  "Random Forest": {
    "model_name": "Random Forest",
    "accuracy": 0.7241079199303743,
    "f1": 0.6504961411245865,
    "precision": 0.9276729559748428,
    "recall": 0.5008488964346349,
    "auc": 0.868742420567548,
    "confusion_matrix": [
      [
        537,
        23
      ],
      [
        294,
        295
      ]
    ],
    "classification_report": {
      "0": {
        "precision": 0.6462093862815884,
        "recall": 0.9589285714285715,
        "f1-score": 0.7721063982746226,
        "support": 560.0
      },
      "1": {
        "precision": 0.9276729559748428,
        "recall": 0.5008488964346349,
        "f1-score": 0.6504961411245865,
        "support": 589.0
      },
      "accuracy": 0.7241079199303743,
      "macro avg": {
        "precision": 0.7869411711282156,
        "recall": 0.7298887339316031,
        "f1-score": 0.7113012696996046,
        "support": 1149.0
      },
      "weighted avg": {
        "precision": 0.7904931482914465,
        "recall": 0.7241079199303743,
        "f1-score": 0.7097665884736033,
        "support": 1149.0
      }
    },
    "feature_importances": [
      0.008597849478711268,
      0.008395605031580072,
      0.03580112325235188,
      0.015824567785956856,
      0.023690883931454326,
      0.03700714717019478,
      0.009788550497531032,
      0.006386387462128895,
      0.01348796911730946,
      0.013326698340071679,
      0.006935805205221323,
      0.006554721236045202,
      0.005278332711884033,
      0.006760151981231422,
      0.03220836733253065,
      0.009037760686467741,
      0.016024679606210887,
      0.031123773825073333,
      0.02017249899364477,
      0.0059647435567670515,
      0.005078860426983412,
      0.003582529068659488,
      0.006380952284176253,
      0.018675972247458383,
      0.0039015643803831956,
      0.002536074775224834,
      0.00928539256578577,
      0.003426278918101746,
      0.006023164539326803,
      0.011129462132537963,
      0.0030849296114023733,
      0.0030659488233222417,
      0.004332817803551616,
      0.008762315901265357,
      0.006888321360820463,
      0.002615338755224341,
      0.019179857459166148,
      0.006078908665808872,
      0.019565311553867506,
      0.025494144908357948,
      0.0036789256660620245,
      0.0028020680297925057,
      0.004569377424237196,
      0.007817694719825408,
      0.003530375298436426,
      0.004065049354732084,
      0.008107827244767576,
      0.015413307869179346,
      0.0047819126360220685,
      0.004245324473044451,
      0.004258064963830153,
      0.007855164029439048,
      0.0048675333004002475,
      0.014598916950881034,
      0.024506832384791934,
      0.005527326091265661,
      0.006049638431733674,
      0.006425214343983089,
      0.003457384678632113,
      0.0027535845131257276,
      0.003188689925471124,
      0.002908824997472021,
      0.0021336765514044288,
      0.0038632507720436824,
      0.0030652764403724534,
      0.0028177793214551514,
      0.004313026130241214,
      0.00491004616314817,
      0.0025700076240166648,
      0.0026443191185501844,
      0.002589396732829575,
      0.0024722048217681353,
      0.005534564793853761,
      0.014536356123661713,
      0.005320375777249691,
      0.007251582986444577,
      0.005722843788412596,
      2.3848128922857666e-05,
      0.03125011587579003,
      0.005980140691401306,
      0.004861687912369572,
      0.0061180264085097654,
      0.00320655892510439,
      0.01114162734092234,
      0.0036121264840505616,
      0.005785398521479743,
      0.005990624721089014,
      5.394773415337712e-05,
      0.0386020023949807,
      0.02016363899905156,
      0.0027852109090103017,
      0.003893964448268722,
      0.005257034894654991,
      0.03555903861397985,
      0.0030790669369937657,
      0.024580599612049458,
      0.050585179265656345,
      1.605750159482051e-05,
      0.0036770880330917943,
      0.012741137187869877,
      0.0038392302588606464,
      0.0205871403437761
    ],
    "feature_importance_ranking": [
      [
        "th_range",
        0.050585179265656345
      ],
      [
        "mf_cop_x",
        0.0386020023949807
      ],
      [
        "ff_biotac_6",
        0.03700714717019478
      ],
      [
        "ff_biotac_3",
        0.03580112325235188
      ],
      [
        "th_std",
        0.03555903861397985
      ],
      [
        "ff_biotac_15",
        0.03220836733253065
      ],
      [
        "ff_cop_x",
        0.03125011587579003
      ],
      [
        "ff_biotac_18",
        0.031123773825073333
      ],
      [
        "mf_biotac_16",
        0.025494144908357948
      ],
      [
        "th_min",
        0.024580599612049458
      ],
      [
        "th_biotac_7",
        0.024506832384791934
      ],
      [
        "ff_biotac_5",
        0.023690883931454326
      ],
      [
        "th_skewness",
        0.0205871403437761
      ],
      [
        "ff_biotac_19",
        0.02017249899364477
      ],
      [
        "mf_cop_y",
        0.02016363899905156
      ],
      [
        "mf_biotac_15",
        0.019565311553867506
      ],
      [
        "mf_biotac_13",
        0.019179857459166148
      ],
      [
        "ff_biotac_24",
        0.018675972247458383
      ],
      [
        "ff_biotac_17",
        0.016024679606210887
      ],
      [
        "ff_biotac_4",
        0.015824567785956856
      ]
    ],
    "best_params": {
      "max_depth": 10,
      "min_samples_leaf": 2,
      "min_samples_split": 2,
      "n_estimators": 200
    },
    "n_params": 71772,
    "train_time_sec": 61.739038944244385
  },
  "2D CNN": {
    "model_name": "2D CNN",
    "accuracy": 0.7049608355091384,
    "f1": 0.642781875658588,
    "precision": 0.8472222222222222,
    "recall": 0.5178268251273345,
    "auc": 0.8488539898132428,
    "confusion_matrix": [
      [
        505,
        55
      ],
      [
        284,
        305
      ]
    ],
    "classification_report": {
      "0": {
        "precision": 0.6400506970849176,
        "recall": 0.9017857142857143,
        "f1-score": 0.748702742772424,
        "support": 560.0
      },
      "1": {
        "precision": 0.8472222222222222,
        "recall": 0.5178268251273345,
        "f1-score": 0.642781875658588,
        "support": 589.0
      },
      "accuracy": 0.7049608355091384,
      "macro avg": {
        "precision": 0.7436364596535698,
        "recall": 0.7098062697065244,
        "f1-score": 0.695742309215506,
        "support": 1149.0
      },
      "weighted avg": {
        "precision": 0.7462508957845454,
        "recall": 0.7049608355091384,
        "f1-score": 0.6944056229029293,
        "support": 1149.0
      }
    },
    "train_time_sec": 9.908322811126709,
    "n_params": 19649
  },
  "BiLSTM": {
    "model_name": "BiLSTM",
    "accuracy": 0.7162750217580505,
    "f1": 0.6539278131634819,
    "precision": 0.8725212464589235,
    "recall": 0.5229202037351444,
    "auc": 0.7090225563909774,
    "confusion_matrix": [
      [
        515,
        45
      ],
      [
        281,
        308
      ]
    ],
    "classification_report": {
      "0": {
        "precision": 0.6469849246231156,
        "recall": 0.9196428571428571,
        "f1-score": 0.7595870206489675,
        "support": 560.0
      },
      "1": {
        "precision": 0.8725212464589235,
        "recall": 0.5229202037351444,
        "f1-score": 0.6539278131634819,
        "support": 589.0
      },
      "accuracy": 0.7162750217580505,
      "macro avg": {
        "precision": 0.7597530855410195,
        "recall": 0.7212815304390008,
        "f1-score": 0.7067574169062247,
        "support": 1149.0
      },
      "weighted avg": {
        "precision": 0.7625992793326811,
        "recall": 0.7162750217580505,
        "f1-score": 0.7054240326516211,
        "support": 1149.0
      }
    },
    "train_time_sec": 3.370642900466919,
    "n_params": 15970
  },
  "Specialist Ensemble": {
    "model_name": "Specialist Ensemble",