{
  "Random Forest": {
    "model_name": "Random Forest",
    "accuracy": 0.7232375979112271,
    "f1": 0.6490066225165563,
    "precision": 0.9274447949526814,
    "recall": 0.499151103565365,
    "auc": 0.8689819306330342,
    "confusion_matrix": [
      [
        537,
        23
      ],
      [
        295,
        294
      ]
    ],
    "classification_report": {
      "0": {
        "precision": 0.6454326923076923,
        "recall": 0.9589285714285715,
        "f1-score": 0.771551724137931,
        "support": 560.0
      },
      "1": {
        "precision": 0.9274447949526814,
        "recall": 0.499151103565365,
        "f1-score": 0.6490066225165563,
        "support": 589.0
      },
      "accuracy": 0.7232375979112271,
      "macro avg": {
        "precision": 0.7864387436301868,
        "recall": 0.7290398374969682,
        "f1-score": 0.7102791733272437,
        "support": 1149.0
      },
      "weighted avg": {
        "precision": 0.7899976430978564,
        "recall": 0.7232375979112271,
        "f1-score": 0.708732694673188,
        "support": 1149.0
      }
    },
    "feature_importances": [
      0.008597849478711268,
      0.008395605031580072,
      0.03580112325235188,
      0.015824567785956856,
      0.023690883931454326,
      0.03700714717019478,
      0.009788550497531032,
      0.006386387462128895,
      0.01348796911730946,
      0.013326698340071679,
      0.006935805205221323,
      0.006554721236045202,
      0.005278332711884033,
      0.006760151981231422,
      0.03220836733253065,
      0.009037760686467741,
      0.016024679606210887,
      0.031123773825073333,
      0.02017249899364477,
      0.0059647435567670515,
      0.005078860426983412,
      0.003582529068659488,
      0.006380952284176253,
      0.018675972247458383,
      0.0039015643803831956,
      0.002536074775224834,
      0.00928539256578577,
      0.003426278918101746,
      0.006023164539326803,
      0.011129462132537963,
      0.0030849296114023733,
      0.0030659488233222417,
      0.004332817803551616,
      0.008762315901265357,
      0.006888321360820463,
      0.002615338755224341,
      0.019179857459166148,
      0.006078908665808872,
      0.019565311553867506,
      0.025494144908357948,
      0.0036789256660620245,
      0.0028020680297925057,
      0.004569377424237196,
      0.007817694719825408,
      0.003530375298436426,
      0.004065049354732084,
      0.008107827244767576,
      0.015413307869179346,
      0.0047819126360220685,
      0.004245324473044451,
      0.004258064963830153,
      0.007855164029439048,
      0.0048675333004002475,
      0.014598916950881034,
      0.024506832384791934,
      0.005527326091265661,
      0.006049638431733674,
      0.006425214343983089,
      0.003457384678632113,
      0.0027535845131257276,
      0.003188689925471124,
      0.002908824997472021,
      0.0021336765514044288,
      0.0038632507720436824,
      0.0030652764403724534,
      0.0028177793214551514,
      0.004313026130241214,
      0.00491004616314817,
      0.0025700076240166648,
      0.0026443191185501844,
      0.002589396732829575,
      0.0024722048217681353,
      0.005534564793853761,
      0.014536356123661713,
      0.005320375777249691,
      0.007251582986444577,
      0.005722843788412596,
      2.3848128922857666e-05,
      0.03125011587579003,
      0.005980140691401306,
      0.004861687912369572,
      0.0061180264085097654,
      0.00320655892510439,
      0.01114162734092234,
      0.0036121264840505616,
      0.005785398521479743,
      0.005990624721089014,
      5.394773415337712e-05,
      0.0386020023949807,
      0.02016363899905156,
      0.0027852109090103017,
      0.003893964448268722,
      0.005257034894654991,
      0.03555903861397985,
      0.0030790669369937657,
      0.024580599612049458,
      0.050585179265656345,
      1.605750159482051e-05,
      0.0036770880330917943,
      0.012741137187869877,
      0.0038392302588606464,
      0.0205871403437761
    ],
    "feature_importance_ranking": [
      [
        "th_range",
        0.050585179265656345
      ],
      [
        "mf_cop_x",
        0.0386020023949807
      ],
      [
        "ff_biotac_6",
        0.03700714717019478
      ],
      [
        "ff_biotac_3",
        0.03580112325235188
      ],
      [
        "th_std",
        0.03555903861397985
      ],
      [
        "ff_biotac_15",
        0.03220836733253065
      ],
      [
        "ff_cop_x",
        0.03125011587579003
      ],
      [
        "ff_biotac_18",
        0.031123773825073333
      ],
      [
        "mf_biotac_16",
        0.025494144908357948
      ],
      [
        "th_min",
        0.024580599612049458
      ],
      [
        "th_biotac_7",
        0.024506832384791934
      ],
      [
        "ff_biotac_5",
        0.023690883931454326
      ],
      [
        "th_skewness",
        0.0205871403437761
      ],
      [
        "ff_biotac_19",
        0.02017249899364477
      ],
      [
        "mf_cop_y",
        0.02016363899905156
      ],
      [
        "mf_biotac_15",
        0.019565311553867506
      ],
      [
        "mf_biotac_13",
        0.019179857459166148
      ],
      [
        "ff_biotac_24",
        0.018675972247458383
      ],
      [
        "ff_biotac_17",
        0.016024679606210887
      ],
      [
        "ff_biotac_4",
        0.015824567785956856
      ]
    ],
    "best_params": {
      "max_depth": 10,
      "min_samples_leaf": 2,
      "min_samples_split": 2,
      "n_estimators": 200
    },
    "n_params": 71772,
    "train_time_sec": 240.3154799938202
  },
  "2D CNN": {
    "model_name": "2D CNN",
    "accuracy": 0.6579634464751958,
    "f1": 0.5608938547486033,
    "precision": 0.8202614379084967,
    "recall": 0.42614601018675724,
    "auc": 0.8181663837011885,
    "confusion_matrix": [
      [
        505,
        55
      ],
      [
        338,
        251
      ]
    ],
    "classification_report": {
      "0": {
        "precision": 0.5990510083036773,
        "recall": 0.9017857142857143,
        "f1-score": 0.7198859586600143,
        "support": 560.0
      },
      "1": {
        "precision": 0.8202614379084967,
        "recall": 0.42614601018675724,
        "f1-score": 0.5608938547486033,
        "support": 589.0
      },
      "accuracy": 0.6579634464751958,
      "macro avg": {
        "precision": 0.709656223106087,
        "recall": 0.6639658622362358,
        "f1-score": 0.6403899067043088,
        "support": 1149.0
      },
      "weighted avg": {
        "precision": 0.712447825568463,
        "recall": 0.6579634464751958,
        "f1-score": 0.6383834789351918,
        "support": 1149.0
      }
    },
    "train_time_sec": 28.593409061431885,
    "n_params": 19649
  },
  "BiLSTM": {
    "model_name": "BiLSTM",
    "accuracy": 0.7197563098346388,
    "f1": 0.6805555555555556,
    "precision": 0.8186157517899761,
    "recall": 0.5823429541595926,
    "auc": 0.7235750666990057,
    "confusion_matrix": [
      [
        484,
        76
      ],
      [
        246,
        343
      ]
    ],
    "classification_report": {
      "0": {
        "precision": 0.663013698630137,
        "recall": 0.8642857142857143,
        "f1-score": 0.7503875968992249,
        "support": 560.0
      },
      "1": {
        "precision": 0.8186157517899761,
        "recall": 0.5823429541595926,
        "f1-score": 0.6805555555555556,
        "support": 589.0
      },
      "accuracy": 0.7197563098346388,
      "macro avg": {
        "precision": 0.7408147252100565,
        "recall": 0.7233143342226535,
        "f1-score": 0.7154715762273902,
        "support": 1149.0
      },
      "weighted avg": {
        "precision": 0.7427783716598544,
        "recall": 0.7197563098346388,
        "f1-score": 0.7145903189606511,
        "support": 1149.0
      }
    },
    "train_time_sec": 11.894973993301392,
    "n_params": 15970
  },
  "Specialist Ensemble": {
    "model_name": "Specialist Ensemble",